subdir,checkpoint,roc_auc_mean,roc_auc_std,f1_mean,f1_std,pr_auc_mean,pr_auc_std,precision_mean,precision_std,accuracy_mean,accuracy_std
mse_all,all_0.72_0.02_student_2.ckpt,0.6497119134369262,0.0068157189798697055,0.7491808681018101,0.0061777110019052665,0.7506089741277178,0.007550657701076477,0.6689534925330454,0.007895354721022875,0.6431625786846105,0.007128223229928593
mse_all,all_0.72_0.02_teacher_2.ckpt,0.6369868478843562,0.009685070420491802,0.7479391524174518,0.006156432343372449,0.7395205399970864,0.009315075482312278,0.6729354671437331,0.008162397497645997,0.6448013891903626,0.00757427799821444
mse_all,all_0.74_0.02_student_3.ckpt,0.6478816127962572,0.006876399598631602,0.7371648761961109,0.005749171718809852,0.7456636818827993,0.0079133516409708,0.6892797329316098,0.007488799502972499,0.646342522248752,0.006005611326298493
mse_all,all_0.74_0.02_teacher_3.ckpt,0.6373646328227236,0.010401331067978414,0.7352520221578873,0.006338155592069155,0.7418019568610273,0.01009069798590674,0.6870715393562412,0.008601675434827035,0.6435098762752334,0.007188054378926696
mse_all,all_0.76_0.02_student_4.ckpt,0.6491857119316673,0.007247887530804964,0.7352648235856303,0.006862777944568148,0.750591222058822,0.00828767730607919,0.6910674950637115,0.00805937646133453,0.6458975472107663,0.00726790581228442
mse_all,all_0.76_0.02_teacher_4.ckpt,0.6392721071870119,0.0084304646318278,0.7397824251322356,0.0061177265172101675,0.7445856782765513,0.009094421389307668,0.6734434310798455,0.008543466598830042,0.6385717386585629,0.007222262208854232
mse_all,all_0.78_0.02_student_5.ckpt,0.6464650242466579,0.006818984469209311,0.7422787983908322,0.00565983558242245,0.7479718219788548,0.008080258006443861,0.6812912349977653,0.007243452701942756,0.6455936618189712,0.0058698345848352575
mse_all,all_0.78_0.02_teacher_5.ckpt,0.6387422396134979,0.009485767705542802,0.7391667705138907,0.006335639293790791,0.7382923062557322,0.009921436103696623,0.677974252838514,0.008958448162875124,0.6410028217929237,0.007384509449843981
mse_all,all_0.7_0.02_student_1.ckpt,0.6468810017509188,0.006655739777626454,0.7614279716768295,0.0062496510761985095,0.7444793355935201,0.007977945226403459,0.6482323731511779,0.007843358823070188,0.6380942044714566,0.007929443409101532
mse_all,all_0.7_0.02_student_10.ckpt,0.6391867623417016,0.008635528312132313,0.7376601397293999,0.0070355676365485,0.7399432369060135,0.009945925336770066,0.6843995390571029,0.008331717128786678,0.6438246147167355,0.007677303451823466
mse_all,all_0.7_0.02_teacher_1.ckpt,0.6334204076820523,0.00900312155575305,0.7569575273705101,0.006064360892541813,0.7355591739648197,0.009386850957961414,0.6515614640609678,0.007858026643999105,0.6369654873019319,0.0075655954834032615
mse_all,all_0.7_0.02_teacher_10.ckpt,0.6412030145336554,0.008560563510738169,0.7246475860227808,0.006484102317065258,0.737067947284338,0.010043116611972346,0.6842491704053076,0.008269479573704833,0.6336118949424789,0.006850148882587173
mse_all,all_0.7_0.0_student_1.ckpt,0.6198667209820451,0.007468753952635891,0.7574646079533605,0.006043580551370453,0.7246824646481049,0.008562012185162898,0.6474933228872028,0.0077318976886127265,0.634197959626655,0.007594304722648255
mse_all,all_0.7_0.0_student_10.ckpt,0.6432684960711725,0.010448801167982628,0.7376961413399361,0.007018156374772085,0.7419407697413868,0.010106171413211228,0.6881943446464305,0.008792220036212915,0.6461254612546126,0.0078009498712054695
mse_all,all_0.7_0.0_student_2.ckpt,0.6347549184698789,0.008980616158144801,0.7499800249636247,0.006599244221340662,0.7343086512337108,0.00897803750190163,0.6622859516325577,0.008266080025057878,0.6391795094421534,0.008013373339185184
mse_all,all_0.7_0.0_student_3.ckpt,0.6409298755655695,0.008866307051187485,0.7262195434272126,0.008146363897766901,0.7383868481815611,0.008563416193086657,0.6867534551647481,0.00968420112420836,0.6363251573692208,0.00873504656463392
mse_all,all_0.7_0.0_student_4.ckpt,0.646683111174833,0.009245953998917452,0.7383293185316813,0.008018216273793777,0.7444895978940215,0.00897279503144584,0.6773084718993595,0.009383008759100345,0.639950075971348,0.008956199391762194
mse_all,all_0.7_0.0_student_5.ckpt,0.643400074745639,0.008880706747469056,0.7338329961581007,0.0075345126449941294,0.7430513415597655,0.009303647270294604,0.6769771717295976,0.009131327380217125,0.6361949207727371,0.0082652867732379
mse_all,all_0.7_0.0_student_6.ckpt,0.6439224391166235,0.009680397824265217,0.7283042234415648,0.007302076056028083,0.7426326063200037,0.009754718381465983,0.687451968070714,0.008919700880230188,0.6383329715650098,0.007720966657236182
mse_all,all_0.7_0.0_student_7.ckpt,0.6387807318206324,0.009411635823533774,0.7261286245492677,0.006677476681809754,0.7369181189518572,0.00967813077998241,0.6885742371857464,0.008149008926141971,0.6373236379422618,0.0066854345728790095
mse_all,all_0.7_0.0_student_8.ckpt,0.6449460285544997,0.010101384151181392,0.7262807307676801,0.007292994714919777,0.7409883438273795,0.01012760943904707,0.6943823595688869,0.009067619109337217,0.6407857607987846,0.007788195656749682
mse_all,all_0.7_0.0_student_9.ckpt,0.6425841698415834,0.010019712979444576,0.7262621172298743,0.007231267620487402,0.7387646645553656,0.009987311674810866,0.6926186468242544,0.008819897089169797,0.6397655741263296,0.007826666844597294
mse_all,all_0.7_0.0_teacher_1.ckpt,0.619275189764606,0.009331290831904123,0.7538290257257809,0.006626716781613309,0.7233958990489906,0.009344313033030507,0.652198127342327,0.008033809137081495,0.6348817017581939,0.008320800419280796
mse_all,all_0.7_0.0_teacher_10.ckpt,0.6333473714960115,0.009755789628887818,0.7269419945253123,0.006599695030218511,0.7324511096202879,0.010106928778860215,0.6863336134042226,0.00854559348574013,0.6366073366616021,0.007107968746949555
mse_all,all_0.7_0.0_teacher_2.ckpt,0.6303997516552652,0.00949465274558681,0.7518595928135531,0.006619506973203036,0.7325859996312352,0.008813168560262435,0.6685032418310841,0.008362797188904569,0.6450510093336227,0.007945996434742593
mse_all,all_0.7_0.0_teacher_3.ckpt,0.6343418764312119,0.00894864539731473,0.7270073514433679,0.006463170979922261,0.7360142382761481,0.009223316033746874,0.6847387840995738,0.00885446653427407,0.6356956804862166,0.007195260926456806
mse_all,all_0.7_0.0_teacher_4.ckpt,0.6334642364196984,0.009258366732500403,0.734546781055639,0.006887161563018851,0.7353409310432046,0.009986357486107447,0.6826281094567184,0.00869522981234219,0.6402756674625569,0.0076119657401321145
mse_all,all_0.7_0.0_teacher_5.ckpt,0.6360917039180763,0.009339156689747134,0.7316343309477366,0.007113348393946103,0.7344982140587806,0.00982723992857113,0.6814055782404551,0.008676262789497794,0.63725851964402,0.0075789030514686545
mse_all,all_0.7_0.0_teacher_6.ckpt,0.638694798116351,0.008851532135945299,0.7276399944211847,0.006827405405339275,0.7375924824874611,0.009813997936624554,0.687148701667239,0.008716770628646914,0.6376383763837639,0.007162157666789419
mse_all,all_0.7_0.0_teacher_7.ckpt,0.6374074333794157,0.010016335376385093,0.7262251421016387,0.00698362018594478,0.7330836328343093,0.01038188662523937,0.6874629556659714,0.008782006362541447,0.6367375732580857,0.007522807668675464
mse_all,all_0.7_0.0_teacher_8.ckpt,0.6374311546402567,0.009631003950379332,0.7186439854019134,0.007446933601417072,0.7349327156817307,0.010509778985123546,0.6900846369927025,0.009431517781128893,0.6325157369220751,0.007978578727525743
mse_all,all_0.7_0.0_teacher_9.ckpt,0.6360125995117115,0.009787928547552591,0.7259926631597738,0.006990373470128576,0.7321789843683695,0.010395998222613235,0.6920125418805766,0.00893148178937346,0.6392120685912741,0.007259148924857558
mse_all,all_0.8200000000000001_0.02_student_7.ckpt,0.6397607045258507,0.006881397917048047,0.7251251124865441,0.006588062138525192,0.7398953293264835,0.00898898146013556,0.694330430174784,0.008170589315513932,0.6398741046233992,0.006742495891234053
mse_all,all_0.8200000000000001_0.02_teacher_7.ckpt,0.6404965848126858,0.009189081146641217,0.737762370104194,0.005960217464280228,0.7367706690986335,0.00958349431910453,0.6772083673361018,0.00832721100668247,0.6394074234859997,0.0068485667548056515
mse_all,all_0.8400000000000001_0.02_student_8.ckpt,0.6380009226731878,0.007758195252867137,0.7303618577560452,0.0062491432583935795,0.7379324395273967,0.009425994590914167,0.6882891121545833,0.007813165067140183,0.6404276101584545,0.006129994244576465
mse_all,all_0.8400000000000001_0.02_teacher_8.ckpt,0.6449745636867206,0.009243805922155771,0.7119237863093557,0.006521428828635355,0.7434978611003975,0.009592468989313393,0.69737916665613,0.00832721188405606,0.6316257868461037,0.006690938152322865
mse_all,all_0.8600000000000001_0.02_student_9.ckpt,0.6382757329523941,0.008420355965946563,0.7307580534787887,0.007347142549644139,0.7369689139568928,0.00982867949926796,0.6912237262059581,0.008735669052297284,0.6424571304536576,0.00760444933002736
mse_all,all_0.8600000000000001_0.02_teacher_9.ckpt,0.6396478328967439,0.009522280154142373,0.7257483080929232,0.005519054033413158,0.7371319768188229,0.009862010644566916,0.6964132255066099,0.007366605768254314,0.6415129151291514,0.005750467673513535
mse_all,all_0.8800000000000001_0.02_student_10.ckpt,0.6391867623417016,0.008635528312132313,0.7376601397293999,0.0070355676365485,0.7399432369060135,0.009945925336770066,0.6843995390571029,0.008331717128786678,0.6438246147167355,0.007677303451823466
mse_all,all_0.8800000000000001_0.02_teacher_10.ckpt,0.6412030145336554,0.008560563510738169,0.7246475860227808,0.006484102317065258,0.737067947284338,0.010043116611972346,0.6842491704053076,0.008269479573704833,0.6336118949424789,0.006850148882587173
mse_all,all_0.8_0.02_student_6.ckpt,0.6447509420231131,0.007422199513446383,0.7264124447242557,0.00670173708498272,0.7483928928931276,0.008870257430586954,0.6934731963085257,0.008354579472045867,0.6403733449099196,0.006973234350782392
mse_all,all_0.8_0.02_teacher_6.ckpt,0.6398634522078946,0.008964138248184136,0.7306822985626125,0.006151788056617088,0.7430273581368751,0.00972094477021695,0.6902131492728617,0.008762057240752812,0.6417733883221184,0.0071003418308349855
mse_all,all_0.92_0.02_student_2.ckpt,0.6348728056650196,0.0077067330287441055,0.749950085224298,0.006586320172242934,0.7377279621409314,0.0088597132476704,0.6676693398747505,0.008221000575345023,0.6429129585413501,0.007948671653634292
mse_all,all_0.92_0.02_teacher_2.ckpt,0.6315414215136137,0.008002893980029057,0.7432614430669688,0.005936716211753249,0.7391705798694329,0.008834981106487096,0.6689512354580848,0.00768139139177939,0.6383763837638377,0.0067106610087197295
mse_all,all_0.9400000000000001_0.02_student_3.ckpt,0.641648776966277,0.007516689649694706,0.7329789382723307,0.005913132441584001,0.7437265205647079,0.008986988727598611,0.6850037216280422,0.007535110152286697,0.6404927284566964,0.0063617296573652725
mse_all,all_0.9400000000000001_0.02_teacher_3.ckpt,0.6404024361360487,0.008698672122064006,0.732633579616303,0.006141794243435844,0.7456674268194996,0.009748467413738474,0.6882313663747787,0.008260266896031968,0.6421532450618623,0.0064282311990958565
mse_all,all_0.9600000000000001_0.02_student_4.ckpt,0.6425774266043656,0.007234923339550045,0.7421942919250504,0.005703447003369469,0.7461180296117685,0.00813611668241236,0.6831706613354597,0.007649721498262182,0.6466789667896681,0.006379479486153184
mse_all,all_0.9600000000000001_0.02_teacher_4.ckpt,0.6424206935642823,0.008504624764658415,0.7349369301878992,0.0055097893456396594,0.747790891331043,0.00996090921544044,0.6891612988156737,0.007474591436725051,0.6445083568482743,0.005682221941740473
mse_all,all_0.9800000000000001_0.02_student_5.ckpt,0.6413038670297821,0.007671363752171943,0.7402028795730977,0.005318123040886327,0.7461958288920021,0.008554610015931479,0.681033937254378,0.007466677489363666,0.6437594964184937,0.005777901097392387
mse_all,all_0.9800000000000001_0.02_teacher_5.ckpt,0.6409137956617006,0.008452640839025544,0.732067458433112,0.006307232523356145,0.7417394053191775,0.00989256525599489,0.6888839279655641,0.00831553217321059,0.6420989798133278,0.006504690029840141
mse_all,all_0.9_0.02_student_1.ckpt,0.624091982745978,0.007875426879715762,0.7664881471211596,0.006437567071649364,0.7276606844162735,0.009464225117558482,0.6387179423928299,0.007901641926034092,0.6345126980681572,0.008605749869206565
mse_all,all_0.9_0.02_student_10.ckpt,0.6439796360470955,0.009055890674050174,0.74314358921616,0.006704781937158148,0.7440773656135035,0.010021729709718676,0.6842848111670914,0.008232067820711364,0.6481441285001084,0.00731852937282796
mse_all,all_0.9_0.02_teacher_1.ckpt,0.6197892076537028,0.008993453591308074,0.7597845500946507,0.006927788224875345,0.7281674307377702,0.00988000909219499,0.6478130999109958,0.008649334167358736,0.6363794226177555,0.009090321627616908
mse_all,all_0.9_0.02_teacher_10.ckpt,0.6407057647948006,0.007542360758468029,0.725229089949315,0.006327316946364971,0.7420190123621679,0.009415800928024104,0.6859131530384909,0.008202117968070539,0.6350553505535055,0.0064016803624908645
mse_all,all_0.9_0.0_student_1.ckpt,0.6351164901550674,0.006959245940041099,0.745393383960307,0.006153729203470344,0.7396637977127807,0.007350710797207281,0.6629798590013083,0.008108489824609107,0.635956153679184,0.007329875307236241
mse_all,all_0.9_0.0_student_10.ckpt,0.6412722578616051,0.008369589605073776,0.7190655724580906,0.006556128257926258,0.7408378131691274,0.009572572078440974,0.6944921874004024,0.008215894355677784,0.6353592359453005,0.006226624556548072
mse_all,all_0.9_0.0_student_2.ckpt,0.6435621432697385,0.0077165123346901445,0.7398859983073494,0.005144795378761422,0.7467086593221033,0.007832159694646979,0.6799065699973185,0.007755982929731011,0.6427935749945736,0.005732742765148337
mse_all,all_0.9_0.0_student_3.ckpt,0.6465664799215588,0.007005055240293165,0.7328152160072416,0.00558349084673008,0.7448726493662312,0.007683101339765582,0.6871854360581148,0.007738792169205822,0.6416648578250487,0.006067340144674049
mse_all,all_0.9_0.0_student_4.ckpt,0.6453867966526784,0.00742527043434741,0.7368657769061284,0.005331070014757451,0.7448339535916891,0.008376623709761865,0.6790009848855424,0.007557411163796952,0.6398415454742782,0.005542020328751327
mse_all,all_0.9_0.0_student_5.ckpt,0.6488149052260744,0.007273467463184537,0.7281714329973786,0.00667249862392511,0.7496464328106308,0.00880557764966846,0.6981739940572091,0.009040503666583044,0.6443672672020837,0.0072663254883117605
mse_all,all_0.9_0.0_student_6.ckpt,0.6445717158412778,0.007950585130500247,0.7323508026756355,0.006787198143791475,0.7449752531799134,0.008972470339729864,0.6951422533502141,0.008721822378336729,0.6459409594095942,0.007043712872959845
mse_all,all_0.9_0.0_student_7.ckpt,0.6432542173317,0.00823652695763968,0.7306764102272284,0.007056725115659229,0.7444244818042776,0.009436742485197953,0.6922843923315657,0.008833403525886227,0.6429997829390057,0.007318239664576437
mse_all,all_0.9_0.0_student_8.ckpt,0.6442725661632985,0.008425129863898588,0.7296950217684374,0.006887589331711828,0.74087351686136,0.00925497872552689,0.6910553088991643,0.008715525832509318,0.6415237681788584,0.007307738045325885
mse_all,all_0.9_0.0_student_9.ckpt,0.6436315472856029,0.00890069414464061,0.7237548862806553,0.0068857637847418345,0.7396324523342762,0.009662302910096917,0.694320306510517,0.008693843871552854,0.6388213588018233,0.0069145000287029875
mse_all,all_0.9_0.0_teacher_1.ckpt,0.6336204061749187,0.008859191828424089,0.7525504746528282,0.005928176010262258,0.7341574067543211,0.008936864548065485,0.6495276673431863,0.007784780858187564,0.6317668764922943,0.007140770632177256
mse_all,all_0.9_0.0_teacher_10.ckpt,0.6442404550737948,0.0087328867752825,0.7274514466793605,0.006821702243103236,0.7429289440012321,0.00951813042278364,0.6954573190478995,0.008264099712158362,0.6423051877577599,0.007116787523895178
mse_all,all_0.9_0.0_teacher_2.ckpt,0.6434442687803308,0.007968377471172803,0.7414597055847436,0.006095562836631889,0.746581126775724,0.00840085037726621,0.6828659592507811,0.008284364105404767,0.6458975472107662,0.007196897771775316
mse_all,all_0.9_0.0_teacher_3.ckpt,0.64178382177178,0.007621075899471613,0.7302484528594315,0.005781804462767668,0.7465602705077032,0.008462275450728097,0.6872987062512844,0.007845054160389811,0.6397330149772086,0.006236821896005758
mse_all,all_0.9_0.0_teacher_4.ckpt,0.6454290962433188,0.008596193882581048,0.7288128378652239,0.005915652800554288,0.7493330425885505,0.009245548658511358,0.6945760832212119,0.007881115531787688,0.6428478402431084,0.006305761977800814
mse_all,all_0.9_0.0_teacher_5.ckpt,0.6456982666460649,0.008265420106896498,0.7268191796621357,0.006107848895891283,0.7493952932612222,0.00898868016923989,0.6967858458499505,0.008063190828585597,0.6425548079010202,0.006323473320816662
mse_all,all_0.9_0.0_teacher_6.ckpt,0.6439195382235767,0.008796253258151636,0.7290956900400929,0.0057809256832374485,0.7440242223054687,0.009361722178026152,0.6948059042297767,0.0078973304711824,0.6431951378337313,0.006206805896194365
mse_all,all_0.9_0.0_teacher_7.ckpt,0.64682926887212,0.008810301151421273,0.7312578456495832,0.006010334979164061,0.7484296633619415,0.009554488544916709,0.6987363671611252,0.008101793957057481,0.6470913826785327,0.006174336129584085
mse_all,all_0.9_0.0_teacher_8.ckpt,0.6459238894595675,0.009472821843187151,0.7291197138105528,0.006835972321091476,0.7438129831808403,0.009778911238425881,0.6985432789851318,0.00836727914471599,0.645322335576297,0.007226533933077838
mse_all,all_0.9_0.0_teacher_9.ckpt,0.6466478653395163,0.008911513810663699,0.7281684086550554,0.006710300298403073,0.7434793518947403,0.009402795952864489,0.6966204422395803,0.008304377128035096,0.6435098762752334,0.007085395858835953
mse_all,all_1.02_0.02_student_7.ckpt,0.647111000920632,0.008706139807105308,0.7342303556705683,0.0058439197476649425,0.7447451982730618,0.009435303329427299,0.693403933868089,0.007771143199840587,0.6464184935967008,0.0061315312629563485
mse_all,all_1.02_0.02_teacher_7.ckpt,0.6436529964918087,0.008536162209525707,0.7348792852845017,0.005762386854836901,0.7437923453684804,0.010044534960970799,0.6913351198598036,0.0074884961670733195,0.6457456045148687,0.0056383551756548425
mse_all,all_1.04_0.02_student_8.ckpt,0.6472057651202737,0.008847367262292774,0.7261593479343376,0.0064112720781050484,0.7430464081489669,0.009879251692153092,0.6954060093559583,0.008400743653316113,0.6412741480355979,0.006554837716470087
mse_all,all_1.04_0.02_teacher_8.ckpt,0.6427898497034885,0.007831068060632324,0.7298400351806136,0.006259817031334491,0.7439950721677371,0.009296116192986884,0.6907305876850824,0.008368022356541858,0.6414477968309095,0.006220710203686049
mse_all,all_1.06_0.02_student_9.ckpt,0.6415581747275351,0.008421872658252543,0.7274547656854519,0.006434126268470096,0.7423636970014834,0.009354833725276202,0.6892786981471776,0.008217992967790891,0.6387562405035815,0.00650092241840478
mse_all,all_1.06_0.02_teacher_9.ckpt,0.6404437124220853,0.007928231026786149,0.7211619788771755,0.006424586356168232,0.7418446808962347,0.009730392111173736,0.698317521716647,0.008475305505229982,0.6390818319947905,0.005949560282648067
mse_all,all_1.08_0.02_student_10.ckpt,0.6439796360470955,0.009055890674050174,0.74314358921616,0.006704781937158148,0.7440773656135035,0.010021729709718676,0.6842848111670914,0.008232067820711364,0.6481441285001084,0.00731852937282796
mse_all,all_1.08_0.02_teacher_10.ckpt,0.6407057647948006,0.007542360758468029,0.725229089949315,0.006327316946364971,0.7420190123621679,0.009415800928024104,0.6859131530384909,0.008202117968070539,0.6350553505535055,0.0064016803624908645
mse_all,all_1.0_0.02_student_6.ckpt,0.6447419806484207,0.007941700204167328,0.7303441914467838,0.005850560204317344,0.7515621361732826,0.008506487987256783,0.6915657729142133,0.007652222198596875,0.642316040807467,0.006218816422813543
mse_all,all_1.0_0.02_teacher_6.ckpt,0.6433134422471694,0.008499435492781555,0.7244832033097717,0.006122938845835023,0.7473413966454459,0.009701278768330662,0.6936082632510768,0.007726992826769421,0.6389733014977208,0.005909433243347279
mse_hint,hint_0.72_0.02_student_2.ckpt,0.6598436701266923,0.00779029476032139,0.7197011952421969,0.007058034643195335,0.7562664581964035,0.009531510542390351,0.6899799044304087,0.01007097965874367,0.6363076437144664,0.006782064647147775
mse_hint,hint_0.72_0.02_teacher_2.ckpt,0.6685056923780227,0.005894551424428564,0.7143738062374059,0.006172509342839319,0.7611823005484644,0.008585371551458866,0.7210447396796912,0.009987821548623804,0.6485944409349337,0.00630801222869343
mse_hint,hint_0.74_0.02_student_3.ckpt,0.6652976188033592,0.00916691467114968,0.7156555610236323,0.007359873769539277,0.7593827303885161,0.01074471173418728,0.7010441515091548,0.009638798263383042,0.6394504106127605,0.007168956440327569
mse_hint,hint_0.74_0.02_teacher_3.ckpt,0.6734433862650976,0.006567854006815092,0.7068507475568899,0.006041275506690735,0.7665167452642091,0.00916334649981234,0.7213108400336008,0.009917126692707723,0.6431617182564751,0.005483422471680426
mse_hint,hint_0.76_0.02_student_4.ckpt,0.6667306617756196,0.009686167952376772,0.7194734538580405,0.007437822992392466,0.7599013699686982,0.010949923523287858,0.7069992375381859,0.009849207487116927,0.6454358812381553,0.007872658563013338
mse_hint,hint_0.76_0.02_teacher_4.ckpt,0.675431729688382,0.007484570398864064,0.7237308108411322,0.00571507876807018,0.766993390889929,0.009927423676908149,0.7057122434600338,0.008505362775672732,0.6479943145925458,0.004934308185651617
mse_hint,hint_0.78_0.02_student_5.ckpt,0.6680087840254229,0.011072732664165157,0.6909981489792312,0.009125177617691991,0.7583389096520259,0.010995632109500029,0.7385669781074596,0.011534059814556111,0.6395609602021478,0.00899955361817891
mse_hint,hint_0.78_0.02_teacher_5.ckpt,0.6734236890780487,0.008706525100687479,0.6992535401100892,0.006103415953707467,0.7619815691021692,0.01071039227623179,0.73569692476316,0.009703920640439212,0.6441882501579281,0.006286644749559248
mse_hint,hint_0.7_0.02_student_1.ckpt,0.6423232497190017,0.007989714174839926,0.6979108194877277,0.006809609627627868,0.745069234775894,0.009126818920098137,0.6989958371161674,0.010334427164349692,0.6254895767530008,0.006219315529970807
mse_hint,hint_0.7_0.02_student_10.ckpt,0.67002154252031,0.01141822807272494,0.698812838418412,0.009191516092365596,0.757394464021778,0.01193724131591058,0.7418057921403733,0.010489106674301885,0.6465571699305117,0.008598014901336833
mse_hint,hint_0.7_0.02_teacher_1.ckpt,0.6556440996482299,0.006802323015009894,0.7191926358705458,0.004969057627838243,0.7440024765670453,0.008740598996874616,0.6998310103237334,0.008964999419664766,0.6413929248262792,0.005120642913779664
mse_hint,hint_0.7_0.02_teacher_10.ckpt,0.6732154411557371,0.008567264265757579,0.6972409633259065,0.006808491010533107,0.7568296419503491,0.012415555266239733,0.7435341053420041,0.009966808124974856,0.6461149715729626,0.006494969583134381
mse_hint,hint_0.7_0.0_student_1.ckpt,0.6456893867257119,0.009293056832886294,0.7065987563472926,0.00707334312892742,0.7453559937844738,0.010873262139438487,0.7076112831077498,0.010628390493934827,0.6361970941250791,0.007608523849958089
mse_hint,hint_0.7_0.0_student_10.ckpt,0.6696596937321596,0.009312320515565404,0.685723656072379,0.009018940280890786,0.7572069540933289,0.011904239122569613,0.7478601919567233,0.01048808404993374,0.6397504737839544,0.008317558859806402
mse_hint,hint_0.7_0.0_student_2.ckpt,0.6650268770933649,0.008524168306337086,0.7070458076322164,0.007627134111837094,0.7585796100894143,0.010148841011607969,0.7066610302666214,0.010754204336968533,0.636070751737208,0.007032035033929949
mse_hint,hint_0.7_0.0_student_3.ckpt,0.6702447341609665,0.008966165305197246,0.6957717610255011,0.008503042453981957,0.7604031213711637,0.010173407327199586,0.7301957377373739,0.010778018792432622,0.6392766898294379,0.008405849587718327
mse_hint,hint_0.7_0.0_student_4.ckpt,0.6701633427460402,0.008458927353847422,0.7127462244073082,0.007906435923450484,0.7564159835052399,0.01003621674053757,0.7147537705853012,0.010572992011339469,0.644346178142767,0.007736214814062107
mse_hint,hint_0.7_0.0_student_5.ckpt,0.673861902584348,0.009383236843893316,0.6916412334844466,0.009569056066744384,0.7593461643628808,0.010420400476763758,0.7459658381155923,0.0109496362156483,0.6431617182564751,0.008953207541435101
mse_hint,hint_0.7_0.0_student_6.ckpt,0.6704289259647747,0.008920905882005078,0.6749464940673844,0.008453236643019153,0.7591245063730063,0.010566589977994171,0.7521256678932022,0.01007295547921133,0.6339703095388503,0.008466044821875225
mse_hint,hint_0.7_0.0_student_7.ckpt,0.6695946949170927,0.00998793031140091,0.6846764199151552,0.0098750756704172,0.7541352436733832,0.011181169772645305,0.7561501101744594,0.010147856079226034,0.6423404927353128,0.009202351334793659
mse_hint,hint_0.7_0.0_student_8.ckpt,0.6726386172109178,0.008871847643389802,0.6965925991668728,0.008945578239200561,0.7573213649668208,0.010938180237664357,0.7424411349404282,0.010961405430950257,0.645214782059381,0.008816215709511159
mse_hint,hint_0.7_0.0_student_9.ckpt,0.6693572877526192,0.009200846409822157,0.691260357209127,0.008158255294324115,0.7546816754843756,0.01122817274756643,0.7464864701019229,0.00990854744335851,0.6430985470625397,0.007095502420422986
mse_hint,hint_0.7_0.0_teacher_1.ckpt,0.6590099229964614,0.007171471297077197,0.7324898818383487,0.007803151716310292,0.750915411154,0.01096027270691345,0.6746028452995991,0.011095307469195195,0.6366708780795957,0.008404440082799622
mse_hint,hint_0.7_0.0_teacher_10.ckpt,0.6771837107098999,0.009523615395634375,0.6904243973742633,0.00830010982082932,0.7656762561053025,0.011837104746266156,0.7494253751684888,0.010230788664940219,0.6436828806064434,0.00800238412785748
mse_hint,hint_0.7_0.0_teacher_2.ckpt,0.6720833165095443,0.007736668447212988,0.698056562341244,0.008378502634221897,0.762159473625422,0.011399856715419914,0.7399729973735063,0.01048983246948107,0.645198989260897,0.008512362332978059
mse_hint,hint_0.7_0.0_teacher_3.ckpt,0.6758989232517331,0.008237341066114847,0.7019366423466263,0.008186374847213577,0.7667110303362594,0.009899833561859254,0.7227333921850413,0.010169896070792663,0.6402874289324069,0.007755711325686442
mse_hint,hint_0.7_0.0_teacher_4.ckpt,0.678379037916428,0.00891813784870411,0.7021134231400464,0.007669921704480029,0.7646204477317174,0.011688123644882892,0.7334543521156978,0.01056486054727588,0.6452779532533166,0.007888483081920113
mse_hint,hint_0.7_0.0_teacher_5.ckpt,0.6802773962870061,0.009546724456647728,0.6881916415740851,0.009055866920018198,0.76836651503024,0.011573150693422548,0.750887007881239,0.010455761521262992,0.6426879343019584,0.00916955230792368
mse_hint,hint_0.7_0.0_teacher_6.ckpt,0.674848216927324,0.009389822500824879,0.6756290593972354,0.00917474478372197,0.7665105594046944,0.010325407832099119,0.7619257532884651,0.010402651877297955,0.6382185723310169,0.009582156030479167
mse_hint,hint_0.7_0.0_teacher_7.ckpt,0.6792640255615845,0.009825690687746786,0.6844089936818911,0.0092188917216559,0.7671950338766376,0.010877329566871848,0.7552689372451662,0.010909694164832827,0.6417561591914087,0.009579136208248176
mse_hint,hint_0.7_0.0_teacher_8.ckpt,0.675030069903665,0.009366361506463635,0.6889333481872855,0.008764437405294598,0.7637871382816934,0.011508180006721084,0.7394403788057848,0.010338851469708882,0.6384712571067593,0.008594184972866624
mse_hint,hint_0.7_0.0_teacher_9.ckpt,0.6771353151757191,0.010241067876669722,0.695109957560648,0.008565317947809178,0.7636589114605932,0.011772951721062738,0.7487348653810513,0.010201809444721741,0.6467466835123185,0.008379058215741052
mse_hint,hint_0.8200000000000001_0.02_student_7.ckpt,0.6702581420500594,0.011255579193527005,0.6924468322250691,0.009192077001962328,0.7579222249403181,0.011078951405105538,0.7418743061422608,0.011068987694859264,0.6420088439671511,0.008626049084751515
mse_hint,hint_0.8200000000000001_0.02_teacher_7.ckpt,0.674072779680397,0.008775607096028912,0.686781517872028,0.007390806319150411,0.7613339224142495,0.012100482141091664,0.7659663843412835,0.01012685424041496,0.6475363234365128,0.00683804466507315
mse_hint,hint_0.8400000000000001_0.02_student_8.ckpt,0.6697475220892197,0.01095222500268349,0.714661970677923,0.007345782374444858,0.7579285880333078,0.011351029755974728,0.7225378571852101,0.009658889713517131,0.6495420088439671,0.007222318013034659
mse_hint,hint_0.8400000000000001_0.02_teacher_8.ckpt,0.6754309584498691,0.009301346904492696,0.6991802844136039,0.006577045675091442,0.7564791233571275,0.012373953339375191,0.7366976284972997,0.010368970240565099,0.6445830701200251,0.0063978379007219146
mse_hint,hint_0.8600000000000001_0.02_student_9.ckpt,0.6717828859412228,0.010984954100313287,0.7037968349516827,0.008523400028691343,0.7585689069502374,0.011221383462745592,0.7322556797987818,0.01050395500969964,0.6460044219835754,0.008004238365726975
mse_hint,hint_0.8600000000000001_0.02_teacher_9.ckpt,0.6733248880214833,0.0086487024584041,0.7038816601809434,0.0064700128216543815,0.7563494342197632,0.012025981435265426,0.7367350545913129,0.010156342775308337,0.6480101073910296,0.006365418642401793
mse_hint,hint_0.8800000000000001_0.02_student_10.ckpt,0.67002154252031,0.01141822807272494,0.698812838418412,0.009191516092365596,0.757394464021778,0.01193724131591058,0.7418057921403733,0.010489106674301885,0.6465571699305117,0.008598014901336833
mse_hint,hint_0.8800000000000001_0.02_teacher_10.ckpt,0.6732154411557371,0.008567264265757579,0.6972409633259065,0.006808491010533107,0.7568296419503491,0.012415555266239733,0.7435341053420041,0.009966808124974856,0.6461149715729626,0.006494969583134381
mse_hint,hint_0.8_0.02_student_6.ckpt,0.6703745592763185,0.011123250806350142,0.6977949957397336,0.008517003603945233,0.7617196517182332,0.010675032574441351,0.739569599441859,0.010256569142295667,0.6448515476942512,0.007923138554953076
mse_hint,hint_0.8_0.02_teacher_6.ckpt,0.6742301388799217,0.008222319137564247,0.6941077323891288,0.0072351589014495584,0.7618193583004016,0.010447719690226134,0.7503759443888182,0.009706529281451782,0.6466993051168667,0.006517261434427654
mse_hint,hint_0.92_0.02_student_2.ckpt,0.6732781485892136,0.007515081568245174,0.7239907391317768,0.008491727665248664,0.7662062769816619,0.009581164040930526,0.686686404085221,0.011139013320748513,0.6376500315855969,0.007982224677401546
mse_hint,hint_0.92_0.02_teacher_2.ckpt,0.664413927799799,0.006159167425617321,0.7143025450295657,0.006340227826852821,0.7606423260237445,0.008148679741811143,0.6997764065254111,0.009733152759719315,0.6377447883765004,0.005667744726360289
mse_hint,hint_0.9400000000000001_0.02_student_3.ckpt,0.6785102263947207,0.006977927963637545,0.7182645245087759,0.006962475038902833,0.7681944676936989,0.009580089815493669,0.7196811114796081,0.01069372679186307,0.6508843967150978,0.006107628733798145
mse_hint,hint_0.9400000000000001_0.02_teacher_3.ckpt,0.669550707174039,0.00666838609921029,0.7156097989515622,0.006228483928313837,0.766867936174978,0.00880834554880941,0.706036217395122,0.009003163618582041,0.6420404295641188,0.005337031320626256
mse_hint,hint_0.9600000000000001_0.02_student_4.ckpt,0.6791081904808683,0.007666927258893815,0.7215428581079631,0.006715244686610643,0.7703620408918377,0.010100934787941737,0.7210668207721331,0.010017348640841663,0.6540429564118763,0.005695138019675903
mse_hint,hint_0.9600000000000001_0.02_teacher_4.ckpt,0.6742824506940004,0.0074402686661118374,0.7192723130325043,0.007160119791603017,0.7691114293948894,0.009350831990175017,0.7033970770624912,0.00979404559539433,0.6434144030322173,0.0060595590990638335
mse_hint,hint_0.9800000000000001_0.02_student_5.ckpt,0.680585865217044,0.008892077110290905,0.7015210358953143,0.0075647779971544276,0.768109314081713,0.010456623539614254,0.7453467252563701,0.010950076625821991,0.6499842072015162,0.006769402121984787
mse_hint,hint_0.9800000000000001_0.02_teacher_5.ckpt,0.6792909193371959,0.008103543408425156,0.6993518630968556,0.0070527817201540095,0.7690269289131699,0.010333572047068524,0.7407966819154866,0.009630539184957107,0.6464939987365762,0.006024988843510533
mse_hint,hint_0.9_0.02_student_1.ckpt,0.6511189673174309,0.008750982121148835,0.6968518611874606,0.009997186434438738,0.7545824486734329,0.010004007813039872,0.6926738723432054,0.011888322180535663,0.6213834491471887,0.008929902408163558
mse_hint,hint_0.9_0.02_student_10.ckpt,0.6756566785340818,0.009335803217242521,0.6979722765523735,0.008250216839286473,0.7623436860951711,0.012219920812084499,0.747052137345767,0.010651496499470378,0.648120656980417,0.007689309073861403
mse_hint,hint_0.9_0.02_teacher_1.ckpt,0.6425827260780999,0.007332691506532183,0.7146818581995059,0.00760074202913522,0.7442363736396583,0.008521293990636447,0.6788387904441813,0.010744182192763985,0.6259949463044852,0.007436312143265585
mse_hint,hint_0.9_0.02_teacher_10.ckpt,0.6731198166338284,0.009204187542251515,0.6923144271811441,0.008225225998234059,0.7645162410803921,0.011939614252912166,0.7368255625926585,0.010914367645612742,0.6397346809854706,0.007654148863889241
mse_hint,hint_0.9_0.0_student_1.ckpt,0.656669404427145,0.009130083515311796,0.7066724085272971,0.007260013982582934,0.7469950266622293,0.01054132653846318,0.7203371478804192,0.010545599677909133,0.6425773847125711,0.006628762612499289
mse_hint,hint_0.9_0.0_student_10.ckpt,0.676260116759914,0.010718744266719914,0.7027682565026688,0.008214856277776943,0.7611667132068416,0.012158266452597878,0.7364154491415847,0.010312332644395385,0.6470625394819962,0.008923923379108153
mse_hint,hint_0.9_0.0_student_2.ckpt,0.6654511503299053,0.008836590660484263,0.7126899678878671,0.007733962972626617,0.7501635829926805,0.010703994051522626,0.7226720243500597,0.009862795470106501,0.6481522425773847,0.006801160920122569
mse_hint,hint_0.9_0.0_student_3.ckpt,0.6693747582340636,0.009608706356024432,0.7141207291596828,0.007639198893425753,0.7582872557430529,0.010484196166246582,0.7192971350829276,0.010155211238178863,0.6475994946304484,0.006952491426818778
mse_hint,hint_0.9_0.0_student_4.ckpt,0.6702567705316893,0.009167920840864062,0.718680301582914,0.007161327101389597,0.7593821246187638,0.010461194793086577,0.7072248940922959,0.009584969918705165,0.6449778900821224,0.006213618311088448
mse_hint,hint_0.9_0.0_student_5.ckpt,0.6728211438790267,0.010437119974006499,0.6927550941272905,0.008401090435751716,0.7648879562398518,0.010446456458844003,0.743485590481909,0.009859555369670375,0.6428932406822488,0.008248256768718421
mse_hint,hint_0.9_0.0_student_6.ckpt,0.6746090698661056,0.010012441387951798,0.6849348860299064,0.009023178776916004,0.7636857677976845,0.010248584171512316,0.7529546825931954,0.010542507127857067,0.6412192040429563,0.009276652726772663
mse_hint,hint_0.9_0.0_student_7.ckpt,0.6718372152077435,0.01057348973150828,0.6715542951472313,0.009319264609038248,0.7563553318740502,0.011311440108166239,0.7542289570495162,0.010830154691608404,0.6324857864813644,0.008936254232032785
mse_hint,hint_0.9_0.0_student_8.ckpt,0.6734035509042611,0.01045717238213086,0.7002036224587282,0.00848310024091579,0.7599024288785201,0.012005513343934016,0.7365332116634051,0.010649155458185325,0.6452621604548324,0.008745218489514773
mse_hint,hint_0.9_0.0_student_9.ckpt,0.6730049853401244,0.011112549379602082,0.6975102893964935,0.008633027486091328,0.7607354932358985,0.01273039442077851,0.7349011268931371,0.01048385303322204,0.6426089703095388,0.00892342028746664
mse_hint,hint_0.9_0.0_teacher_1.ckpt,0.6477560224213057,0.007844243490771164,0.7218217036306969,0.007268480482638477,0.7408610308245096,0.00949186546596908,0.6961423553729789,0.01003867380406085,0.6413929248262793,0.006448627207548462
mse_hint,hint_0.9_0.0_teacher_10.ckpt,0.6741630270157992,0.011146963716335322,0.6972203005063313,0.0077484215571641995,0.7626941083426599,0.01148850777758384,0.7360886480495299,0.011038123715966342,0.6428932406822488,0.00819973290870259
mse_hint,hint_0.9_0.0_teacher_2.ckpt,0.6653275595796809,0.008498105024207527,0.7160712823343196,0.0072633008752202004,0.754920565789917,0.009069164127986865,0.7131608831522993,0.009752671139434598,0.6460360075805431,0.006781917544339498
mse_hint,hint_0.9_0.0_teacher_3.ckpt,0.6703512758333491,0.008861280901867863,0.706458822906036,0.007416237619716482,0.7623496788714375,0.0088227746747052,0.7077359694810821,0.009797088279246679,0.6362128869235628,0.006354025955239683
mse_hint,hint_0.9_0.0_teacher_4.ckpt,0.6745188738315867,0.009386990698850616,0.7149615710118385,0.00737650736128784,0.7653806929938292,0.009277419627565626,0.716481841511435,0.009958514013582824,0.6468572331017055,0.006596381776240801
mse_hint,hint_0.9_0.0_teacher_5.ckpt,0.6746080959979792,0.010356770844253908,0.6994372408765839,0.008769213489550658,0.7683306304440923,0.009479876321919514,0.7342847158700923,0.010955168910705707,0.6437460518003791,0.008325606277636888
mse_hint,hint_0.9_0.0_teacher_6.ckpt,0.6726706435524805,0.010617144733319013,0.6872214251218949,0.008945779748363976,0.7647139860868293,0.010012127989733425,0.7465025385061995,0.011122171705108229,0.6402400505369552,0.008287834342010067
mse_hint,hint_0.9_0.0_teacher_7.ckpt,0.6736914921858551,0.011186507918481359,0.6933019925569516,0.008266063799011469,0.7604833115594478,0.01114375704102812,0.7427500657015508,0.010958766878719908,0.6429564118761847,0.00848318810765181
mse_hint,hint_0.9_0.0_teacher_8.ckpt,0.6733449671132212,0.01061024388731763,0.6989036501002502,0.007523567158531338,0.7604844126512221,0.010721809777406804,0.735695295534893,0.011244058795010538,0.6439355653821858,0.00780560562864445
mse_hint,hint_0.9_0.0_teacher_9.ckpt,0.6713850935314649,0.010974679602692477,0.7017217556056067,0.008191641793114995,0.7609175589026355,0.011181367273129447,0.7366523892042721,0.011436474984688997,0.6463992419456728,0.008653819528489608
mse_hint,hint_1.02_0.02_student_7.ckpt,0.6792217506513454,0.008635092073991085,0.6963174643643585,0.007868651788749082,0.7640897324500074,0.010798718277324664,0.7497895576354889,0.010541800459165654,0.6480416929879975,0.0074431511193534085
mse_hint,hint_1.02_0.02_teacher_7.ckpt,0.6784334554085323,0.008975125320601308,0.6933456299797758,0.008181155809772741,0.7662409948784654,0.01126252767551551,0.7461197510277973,0.011107810595421888,0.6444093493367025,0.007539370182102688
mse_hint,hint_1.04_0.02_student_8.ckpt,0.677448298778342,0.008532282292486981,0.7016669362572965,0.007926418986639696,0.7640450433966895,0.01090327079367586,0.7461338143202475,0.010365380307321311,0.6504264055590651,0.007309779989823789
mse_hint,hint_1.04_0.02_teacher_8.ckpt,0.6763629231797964,0.008852126848192863,0.7001814542750682,0.007897186076659641,0.7644798036486156,0.011352027604800504,0.7363166405538072,0.011195358525249968,0.6451516108654454,0.0074554555032698925
mse_hint,hint_1.06_0.02_student_9.ckpt,0.6726495649092713,0.008974445170348195,0.7005018978272056,0.006607076405500233,0.7588670908126275,0.011505888345244516,0.7430740211498934,0.009965722752029829,0.6482785849652559,0.006089941457132197
mse_hint,hint_1.06_0.02_teacher_9.ckpt,0.6762560088067097,0.009369935959013913,0.7000525146142487,0.008178250185054924,0.764614382062978,0.011410646192062612,0.7452591857803792,0.010798309090898486,0.6488787113076437,0.00768074112581852
mse_hint,hint_1.08_0.02_student_10.ckpt,0.6756566785340818,0.009335803217242521,0.6979722765523735,0.008250216839286473,0.7623436860951711,0.012219920812084499,0.747052137345767,0.010651496499470378,0.648120656980417,0.007689309073861403
mse_hint,hint_1.08_0.02_teacher_10.ckpt,0.6731198166338284,0.009204187542251515,0.6923144271811441,0.008225225998234059,0.7645162410803921,0.011939614252912166,0.7368255625926585,0.010914367645612742,0.6397346809854706,0.007654148863889241
mse_hint,hint_1.0_0.02_student_6.ckpt,0.6795449519099026,0.007969468986269986,0.6866297305354784,0.008849361509312733,0.7670123347466387,0.01023888688233147,0.7568119553543731,0.011080007124569516,0.6439513581806696,0.007834803985298138
mse_hint,hint_1.0_0.02_teacher_6.ckpt,0.6752847319147484,0.00859700443715585,0.6802372946629622,0.008816490263812354,0.766199791097171,0.010517913963988301,0.75212963793267,0.011443202193588747,0.6376342387871132,0.0073002200315205965
cos_all,cos_all_0.72_0.02_student_2.ckpt,0.6435848009264186,0.0070490804671273,0.7537135152014576,0.0061003485573303115,0.7459425434552059,0.00790799612068579,0.6709913413091438,0.008027988999612651,0.6482635120468851,0.007353684032200686
cos_all,cos_all_0.72_0.02_teacher_2.ckpt,0.6449199514205348,0.0078033087030127245,0.7477724385313159,0.00604178761501848,0.7458092535145132,0.008685099169861115,0.6769550673912599,0.007851621647466367,0.6472975906229651,0.00684065923656563
cos_all,cos_all_0.74_0.02_student_3.ckpt,0.648471425692209,0.007827594914865914,0.7320758550207458,0.00665381268196648,0.7490863257148344,0.00852093054051965,0.689723254341917,0.008606446918433448,0.6425982200998479,0.007093769482711942
cos_all,cos_all_0.74_0.02_teacher_3.ckpt,0.6509821399852973,0.008078922308296205,0.7341955546189006,0.0067752481591112955,0.7514579297060773,0.008867661053128075,0.6903884731266574,0.00851246376928049,0.6446602995441719,0.007070818106494848
cos_all,cos_all_0.76_0.02_student_4.ckpt,0.6450267192292578,0.007989314838771194,0.7362830774972499,0.007102489310143259,0.7464789915642273,0.009211416781562048,0.685442880160691,0.008782400953490586,0.6433687866290427,0.007599925066682918
cos_all,cos_all_0.76_0.02_teacher_4.ckpt,0.6518307361354267,0.008204822021330346,0.7383999106749692,0.0070862078741913675,0.7522072607777146,0.00916559241637599,0.6897846732245825,0.008609700675316427,0.6476448882135881,0.007365087760900103
cos_all,cos_all_0.78_0.02_student_5.ckpt,0.6461698699686256,0.007741295985432702,0.7367770924502037,0.006962113759651927,0.7477410332824124,0.009503228899159947,0.680804649763223,0.008554276547743805,0.6409159973952682,0.007505446907152918
cos_all,cos_all_0.78_0.02_teacher_5.ckpt,0.6466740338013623,0.007823058413649308,0.7396743897551787,0.006836299778799934,0.7457893182199853,0.010153521340356365,0.6849710242267896,0.008416439652988487,0.6457781636639897,0.0073287905241424195
cos_all,cos_all_0.7_0.02_student_1.ckpt,0.6280441049727162,0.006361399065838422,0.7657625947656527,0.006166790331371407,0.7332520501372003,0.008283046460572301,0.6420587776594513,0.007628939764633111,0.6367267202083785,0.008085165111440192
cos_all,cos_all_0.7_0.02_student_10.ckpt,0.6436147473196134,0.009988832589360121,0.7236618686887482,0.007562824958218639,0.7439305859658025,0.011108327277661239,0.6869793602810861,0.008729804539362751,0.6345018450184502,0.00811682601853931
cos_all,cos_all_0.7_0.02_teacher_1.ckpt,0.6306054009769988,0.00831665909926982,0.7663883227798498,0.00677146490738004,0.7358981641910564,0.00949989901814338,0.6436211813101932,0.008138508955315706,0.638560885608856,0.00900064684867125
cos_all,cos_all_0.7_0.02_teacher_10.ckpt,0.6431885459966635,0.00941756309228278,0.7309073765143953,0.007310458977428461,0.7438588257765677,0.011158221936488813,0.6910931700736263,0.008518026913952778,0.6425005426524854,0.007746675463232248
cos_all,cos_all_0.7_0.0_student_1.ckpt,0.6256149828869271,0.007357898199756544,0.7625724600485532,0.005913119123486342,0.727625113498682,0.008152811144606104,0.643228722263367,0.007529788416026205,0.6350010853049706,0.007560915554153412
cos_all,cos_all_0.7_0.0_student_10.ckpt,0.6368264012661287,0.00931906217792177,0.7363987870388768,0.006174299888840906,0.7390818856798967,0.010033522170384696,0.6819606459699653,0.007569665296120165,0.6413284132841328,0.006588936442771148
cos_all,cos_all_0.7_0.0_student_2.ckpt,0.6405530700033084,0.007008918175695408,0.7524658230512442,0.006446710787360848,0.7404774757539923,0.008295473286891496,0.6604062649734008,0.008339146768439618,0.6398632515736922,0.007831443654471483
cos_all,cos_all_0.7_0.0_student_3.ckpt,0.6400215905333396,0.007616472170955509,0.7345285106612549,0.0055853806247813794,0.7406404520718686,0.008826565157862665,0.6822285326371568,0.007626221497114641,0.6400151942695897,0.0057872202084174275
cos_all,cos_all_0.7_0.0_student_4.ckpt,0.6459868612038984,0.007400982191750131,0.7389611593805068,0.005853500641444801,0.7444837521222092,0.008714673719081559,0.6876503419474969,0.0078110061174833855,0.6468092033861517,0.006185390975443681
cos_all,cos_all_0.7_0.0_student_5.ckpt,0.6442044325355162,0.008335736241513063,0.7342346111780584,0.00593331766176843,0.7433993621691838,0.009631156164479217,0.6878848399081017,0.007789300747242442,0.6432059908834382,0.0062179072031201205
cos_all,cos_all_0.7_0.0_student_6.ckpt,0.6441287530407958,0.008701887969277858,0.7321984679255698,0.005849589169482453,0.7435073281257717,0.009807746288832943,0.6928404514315296,0.007898924136894225,0.6444975037985674,0.006247285411874864
cos_all,cos_all_0.7_0.0_student_7.ckpt,0.6445613283814192,0.00835972046287273,0.7293235698667999,0.0058548308504519225,0.7395791053572157,0.009741293040853204,0.6921006599191735,0.008106676310343971,0.6418276535706533,0.006152406163629043
cos_all,cos_all_0.7_0.0_student_8.ckpt,0.6466324847560865,0.008669685693701572,0.730810190257071,0.005883755298776506,0.7424070841602817,0.00978162791292368,0.6948147584418435,0.007913400710788781,0.6445409159973955,0.006008082069340115
cos_all,cos_all_0.7_0.0_student_9.ckpt,0.6413972077305923,0.008326460437731066,0.7269424608614143,0.005644631504067654,0.7396468150246107,0.009745430729354977,0.6940152081541959,0.007918029074898202,0.6410787931408727,0.005811187403987057
cos_all,cos_all_0.7_0.0_teacher_1.ckpt,0.6329344330041691,0.00829117083935844,0.7564010999540864,0.00634303980010756,0.7376482216638827,0.008944226837371939,0.6521900327399134,0.007805796846006874,0.6369980464510527,0.007795565121179998
cos_all,cos_all_0.7_0.0_teacher_10.ckpt,0.6347028558149754,0.0089625608519957,0.7223040725715835,0.007329486675627253,0.7356919358164442,0.010381374266068473,0.6852581562950046,0.008245606286285838,0.63246147167354,0.0072690726002222344
cos_all,cos_all_0.7_0.0_teacher_2.ckpt,0.6434872274343741,0.007432840599534349,0.7474976595654662,0.005882317782482006,0.7464981662806114,0.00899990650021454,0.6767298228072737,0.0075683596014133984,0.6469285869329282,0.006618901225910722
cos_all,cos_all_0.7_0.0_teacher_3.ckpt,0.6470771902827973,0.007995538242354749,0.7297944941842474,0.006721669247045972,0.7491804733665326,0.009655675518707574,0.6914600756357092,0.007949842205268235,0.6418385066203603,0.007050465537576733
cos_all,cos_all_0.7_0.0_teacher_4.ckpt,0.6457792029958354,0.006906419789414733,0.7315390447599601,0.006200233603260829,0.7482093994214137,0.009036365570568368,0.6904769740180097,0.007427831501695952,0.642630779248969,0.006060784525687455
cos_all,cos_all_0.7_0.0_teacher_5.ckpt,0.6413509086820256,0.007696347682214171,0.733958855176523,0.006828235270250423,0.7420472174898982,0.009438116598034257,0.6868299195609375,0.008185994631810682,0.6423703060560015,0.007173332214497769
cos_all,cos_all_0.7_0.0_teacher_6.ckpt,0.642657435566705,0.007780301833809513,0.7276062345250064,0.006696350737927981,0.7446862413885793,0.00950654472536379,0.6936677327318447,0.007667381777407254,0.6414152376817887,0.006819308909227253
cos_all,cos_all_0.7_0.0_teacher_7.ckpt,0.6403891262510848,0.008361015203575108,0.7286541042563444,0.006859410652716463,0.7401175133327791,0.009825913941973472,0.6862310337430215,0.008095805890738033,0.637887996527024,0.007068952116759356
cos_all,cos_all_0.7_0.0_teacher_8.ckpt,0.6391201964419856,0.008350042710689027,0.7254631824912268,0.006783568567185872,0.7386424177085316,0.009781362791073616,0.6889121673144493,0.008023627170478734,0.6370197525504668,0.006803356074042693
cos_all,cos_all_0.7_0.0_teacher_9.ckpt,0.6358427601724422,0.008555535438187005,0.725985290439725,0.007125588722316132,0.7335687802092564,0.009873439592744296,0.6910915466062725,0.008361611066162965,0.6386911222053395,0.007178281245422215
cos_all,cos_all_0.8200000000000001_0.02_student_7.ckpt,0.643767253062191,0.008667723358281506,0.7267608587427747,0.006936542859151508,0.7426550839578419,0.010220514787384241,0.6936050333247461,0.008569169181919856,0.6407206425005427,0.007275462304354793
cos_all,cos_all_0.8200000000000001_0.02_teacher_7.ckpt,0.6422559044657163,0.00856825105559206,0.7261185956145872,0.007115289247868284,0.7424749626746323,0.010483409441765837,0.6944060809496581,0.00837006152676556,0.6406989364011287,0.006966305375650651
cos_all,cos_all_0.8400000000000001_0.02_student_8.ckpt,0.6453895558946547,0.00911707515478143,0.7251891355406305,0.0075599872991796305,0.7438982129950178,0.010640543598794218,0.6912284549699749,0.009052506432519905,0.6381593227696983,0.0077736933604122815
cos_all,cos_all_0.8400000000000001_0.02_teacher_8.ckpt,0.6438930873194716,0.008445656808323978,0.7171323453699631,0.007345139640501946,0.7444986599559421,0.010616388388286963,0.6951619841588531,0.008736783196090957,0.6342956370740179,0.007299061221203576
cos_all,cos_all_0.8600000000000001_0.02_student_9.ckpt,0.6463918874987171,0.009676350856837266,0.7267194945483564,0.006949007381284263,0.744604723424215,0.011108950426816673,0.6898419624469562,0.008595406833646704,0.6385174734100283,0.0072672575158172735
cos_all,cos_all_0.8600000000000001_0.02_teacher_9.ckpt,0.6375897698211019,0.00892456930152648,0.7217409729814892,0.007523227991642265,0.7402007800979221,0.010898414302469616,0.6916180564284125,0.008696054846280983,0.6357607987844585,0.007631314782103506
cos_all,cos_all_0.8800000000000001_0.02_student_10.ckpt,0.6436147473196134,0.009988832589360121,0.7236618686887482,0.007562824958218639,0.7439305859658025,0.011108327277661239,0.6869793602810861,0.008729804539362751,0.6345018450184502,0.00811682601853931
cos_all,cos_all_0.8800000000000001_0.02_teacher_10.ckpt,0.6431885459966635,0.00941756309228278,0.7309073765143953,0.007310458977428461,0.7438588257765677,0.011158221936488813,0.6910931700736263,0.008518026913952778,0.6425005426524854,0.007746675463232248
cos_all,cos_all_0.8_0.02_student_6.ckpt,0.6488891628090581,0.00793565582023609,0.7274175531711219,0.006826593077159973,0.7495754050351568,0.009524086706530478,0.6898038107563966,0.008628536175102529,0.6390384197959625,0.006850492775058456
cos_all,cos_all_0.8_0.02_teacher_6.ckpt,0.6471987982397647,0.008368688488237328,0.7234215141521154,0.007094641378431491,0.7465621363378139,0.010361402650474078,0.6977609694629032,0.008953868344124339,0.6404927284566962,0.007423954062246015
cos_all,cos_all_0.92_0.02_student_2.ckpt,0.6424113398107598,0.007844246123420856,0.7522247697965387,0.0061058574266106514,0.739949937040432,0.008921912296056576,0.6663210143786266,0.007801543757051213,0.6438463208161495,0.007467529162997036
cos_all,cos_all_0.92_0.02_teacher_2.ckpt,0.6339835794164381,0.00785540742790901,0.7444965973883944,0.006105868480524114,0.7398569507179951,0.009432404120609245,0.6743189243503136,0.0079349770606914,0.6429346646407641,0.00681032112047638
cos_all,cos_all_0.9400000000000001_0.02_student_3.ckpt,0.6455932035093433,0.00868611221126126,0.7394915979469247,0.0060275165694541255,0.7436752191157295,0.009560164845917854,0.6873515870621717,0.008060755676875473,0.647047970479705,0.006762930558504642
cos_all,cos_all_0.9400000000000001_0.02_teacher_3.ckpt,0.6439837029301094,0.007933762512046803,0.7236444102139509,0.006932419330083561,0.7477867523966756,0.009139009488289338,0.6882761628082759,0.008731202463625841,0.635250705448231,0.0071357955858149654
cos_all,cos_all_0.9600000000000001_0.02_student_4.ckpt,0.6466173528708781,0.009072079282041692,0.7483333540208404,0.005434432088186828,0.7464569695614636,0.009728935669277043,0.6749382268718075,0.007624780420700085,0.6464293466464077,0.006737252973619356
cos_all,cos_all_0.9600000000000001_0.02_teacher_4.ckpt,0.6450345794172215,0.00802928511124907,0.7276352740589893,0.007260886096701835,0.7476918109734362,0.009355259615163968,0.6865588515689445,0.008958763929072206,0.637291078793141,0.00781720994372438
cos_all,cos_all_0.9800000000000001_0.02_student_5.ckpt,0.6461764623513822,0.008903774796498906,0.7351761173573073,0.006645888239393242,0.7433101540606801,0.010057225370481034,0.6908972332639908,0.008204441159709402,0.6457238984154549,0.007093038845890835
cos_all,cos_all_0.9800000000000001_0.02_teacher_5.ckpt,0.6450615075928895,0.007117261050430826,0.7293985166317741,0.0063929309954490025,0.7466305682250642,0.008855859546039976,0.6765486235899227,0.008326989200200923,0.6324831777729542,0.006689661725263708
cos_all,cos_all_0.9_0.02_student_1.ckpt,0.6328533327410576,0.0070966462831374534,0.761484037942931,0.006009179087694608,0.7323147189766488,0.008730360257969668,0.645324772606828,0.007649748277920685,0.6358042109832864,0.007626003323251807
cos_all,cos_all_0.9_0.02_student_10.ckpt,0.6453330667238913,0.009619677116578575,0.7321927570611935,0.006859574043542602,0.746214431915748,0.010281065593257569,0.6853549335406719,0.008994421123470264,0.6400911656175385,0.007586242928727345
cos_all,cos_all_0.9_0.02_teacher_1.ckpt,0.6220336990350358,0.007042088484623399,0.757105705552148,0.006032564830532405,0.7313390537593644,0.009360361746846313,0.6469383134405828,0.00773939427135168,0.6334599522465812,0.007429473389490454
cos_all,cos_all_0.9_0.02_teacher_10.ckpt,0.644792746274706,0.0085152840282169,0.7270771871227485,0.00736017932501874,0.7407457653239187,0.00992934511568847,0.688070278492895,0.008698746373897101,0.6377686129802476,0.007660623425098672
cos_all,cos_all_0.9_0.0_student_1.ckpt,0.6180257282150122,0.007529906190426943,0.7700274097301409,0.0050397386632573945,0.7249022460882626,0.009131063431877185,0.6260798784458432,0.0066829674992193635,0.6260798784458432,0.0066829674992193635
cos_all,cos_all_0.9_0.0_student_10.ckpt,0.6373245770803273,0.009186686860311792,0.732217371050967,0.007039389940340803,0.7374128014767892,0.009640794550405644,0.6813467646755961,0.008475932378814648,0.6376817885825917,0.0075008943358165535
cos_all,cos_all_0.9_0.0_student_2.ckpt,0.6341301747884526,0.008691707632548932,0.7496011107996106,0.0062199699683346136,0.7341191463195005,0.009941176321588965,0.6681595105921444,0.008125662485641675,0.6429563707401781,0.007588416343763006
cos_all,cos_all_0.9_0.0_student_3.ckpt,0.6398511527784343,0.008694871279666337,0.7297141416550648,0.005531249823472495,0.7397642025520875,0.009357568979499022,0.683408060876822,0.007962473919056003,0.6369763403516389,0.005866462396894695
cos_all,cos_all_0.9_0.0_student_4.ckpt,0.6392946713330003,0.00942307914600913,0.7484902932979116,0.0062085366095965926,0.7404633205405489,0.009581228761526242,0.6741289837418106,0.008138987180760187,0.646049489906664,0.007122536612639444
cos_all,cos_all_0.9_0.0_student_5.ckpt,0.6370804947665076,0.009308875623059038,0.7302611259781688,0.0062478274614209284,0.7396680176287391,0.00937350236827391,0.6814281169417038,0.007919693061921753,0.6362057738224441,0.006332454573302843
cos_all,cos_all_0.9_0.0_student_6.ckpt,0.6377856079291364,0.009690155427759669,0.7315978902576614,0.006490400394958239,0.7376911191826675,0.009987134808390948,0.6798101141845262,0.008118645710281643,0.636238332971565,0.00692838666542615
cos_all,cos_all_0.9_0.0_student_7.ckpt,0.6398781630283448,0.009707145533712856,0.7242750136210937,0.007014417738603218,0.7349984822798379,0.009922010925668537,0.6888487125299386,0.008820805155784619,0.6360646841762535,0.007403108563379287
cos_all,cos_all_0.9_0.0_student_8.ckpt,0.6407912884880946,0.009816669492144523,0.7283843512698521,0.007025837286823175,0.7368971167959583,0.010212883722376748,0.6883417538199202,0.008645545699986469,0.638929889298893,0.0073206133247920285
cos_all,cos_all_0.9_0.0_student_9.ckpt,0.637708767300546,0.009867800846783742,0.7208040340899281,0.007455802476598182,0.735661095896549,0.010198118693271422,0.6908966087848636,0.00930747713337879,0.6346212285652268,0.007748226224432587
cos_all,cos_all_0.9_0.0_teacher_1.ckpt,0.6270974684115677,0.007946001094822405,0.7579294315699382,0.006259184483137194,0.7252001857115388,0.009161986839795714,0.6525551922289726,0.007894881617432183,0.6385391795094421,0.00795429334833944
cos_all,cos_all_0.9_0.0_teacher_10.ckpt,0.6401469218086988,0.009826587165992058,0.7301362967839852,0.006401894743146363,0.739237606390932,0.010113324820538814,0.6837553609448407,0.008039202698441052,0.6375189928369871,0.007259213829524788
cos_all,cos_all_0.9_0.0_teacher_2.ckpt,0.633420163420298,0.008215817062309004,0.7424863471559855,0.005863250776444829,0.7350177141674623,0.00935338372757798,0.6752467832054434,0.007398461819203915,0.6419253310180161,0.006210097592449648
cos_all,cos_all_0.9_0.0_teacher_3.ckpt,0.6386927685916267,0.008083035915919178,0.7284018930858516,0.006178631784034774,0.7391434159296766,0.009904453622318662,0.6849283815904156,0.008182030634592777,0.6368895159539831,0.006598181168996312
cos_all,cos_all_0.9_0.0_teacher_4.ckpt,0.639628751534757,0.00823820990603845,0.7320202128871046,0.00616068469077673,0.741493465000893,0.01004056722890809,0.683687897986745,0.008006341939935857,0.6389407423486,0.006773694290868186
cos_all,cos_all_0.9_0.0_teacher_5.ckpt,0.6389496682557568,0.009228007942782149,0.7363419933117441,0.00627233340017352,0.7400110536949817,0.010154078789697972,0.6795816262360783,0.008028680864973305,0.6397981332754504,0.006859427927793079
cos_all,cos_all_0.9_0.0_teacher_6.ckpt,0.6419982457851399,0.00946152963584616,0.7262261435815889,0.0060171052672283645,0.7437013774766219,0.010451118852369844,0.6835575742317341,0.007889461010309603,0.6343933145213805,0.006393275404001487
cos_all,cos_all_0.9_0.0_teacher_7.ckpt,0.6407534973987765,0.010145801079910073,0.7268499768577262,0.006671266725758819,0.7379075533491086,0.010247537159332153,0.6922375829233091,0.008310736026425734,0.6400043412198829,0.007005221136435226
cos_all,cos_all_0.9_0.0_teacher_8.ckpt,0.6431361510954852,0.010112830565500205,0.7279251642461502,0.006778789013381205,0.7407570323649331,0.010203869539707363,0.6937328149709142,0.007891121740839372,0.6416974169741698,0.007013153049219444
cos_all,cos_all_0.9_0.0_teacher_9.ckpt,0.6380019403695931,0.009680845766358255,0.7255801987456164,0.006958770205675727,0.7359127716785979,0.010426841749927146,0.692917889692221,0.00912556223860527,0.6394074234859997,0.007622789948048127
cos_all,cos_all_1.02_0.02_student_7.ckpt,0.6437794052180889,0.009933253094045046,0.7270400307677832,0.006386661072854658,0.7426200089284832,0.010599838302696268,0.6918381072576351,0.008331761837380644,0.6399175168222271,0.006543911997682226
cos_all,cos_all_1.02_0.02_teacher_7.ckpt,0.6423782438274265,0.008507079271830826,0.7245960195468272,0.006523419977828423,0.7426670774785648,0.009895173706403922,0.6944067533735471,0.008311569861264809,0.6395159539830693,0.006477688881768459
cos_all,cos_all_1.04_0.02_student_8.ckpt,0.6464215222557368,0.009983503007318352,0.7268473144172443,0.006020511940271368,0.7433833306915758,0.010792750671362797,0.6959638875215642,0.008252035924310194,0.6421098328630346,0.006251808825263021
cos_all,cos_all_1.04_0.02_teacher_8.ckpt,0.6448511406633407,0.008617979423924095,0.7280060365257194,0.006699896236830163,0.742424387699562,0.009591564698929819,0.6873262795303197,0.00859251779048456,0.6380290861732145,0.007057119942359413
cos_all,cos_all_1.06_0.02_student_9.ckpt,0.6429221376602159,0.009817994486801101,0.7223515459543322,0.006999423665019271,0.7438525762861617,0.010602619773570585,0.6957955820907451,0.008300058490068207,0.6385934447579771,0.006723987654630481
cos_all,cos_all_1.06_0.02_teacher_9.ckpt,0.6403737408215819,0.007658368307091895,0.7222897039022447,0.006784022314876151,0.7390480830328181,0.009775971401564195,0.6930634653914798,0.008876761635886084,0.6369871934013458,0.006920263982585507
cos_all,cos_all_1.08_0.02_student_10.ckpt,0.6453330667238913,0.009619677116578575,0.7321927570611935,0.006859574043542602,0.746214431915748,0.010281065593257569,0.6853549335406719,0.008994421123470264,0.6400911656175385,0.007586242928727345
cos_all,cos_all_1.08_0.02_teacher_10.ckpt,0.644792746274706,0.0085152840282169,0.7270771871227485,0.00736017932501874,0.7407457653239187,0.00992934511568847,0.688070278492895,0.008698746373897101,0.6377686129802476,0.007660623425098672
cos_all,cos_all_1.0_0.02_student_6.ckpt,0.6475914530724385,0.009146755572114142,0.7265873765710841,0.0066174028602443225,0.7507303093313692,0.010077965433490795,0.691833382171376,0.00836060013214044,0.6395702192316042,0.0068498135708047235
cos_all,cos_all_1.0_0.02_teacher_6.ckpt,0.6456409729271624,0.0075367955448605636,0.7223271777037484,0.006620225190985343,0.7470773858227686,0.009380694729752828,0.6952166018981726,0.008757602867875844,0.6382352941176471,0.006488009031936418
cos_hint,cos_hint_0.72_0.02_student_2.ckpt,0.664156463171395,0.007788102784132805,0.723174010473198,0.006043048612276884,0.7635650417138249,0.010520614333044452,0.6889057448139322,0.008855240804809147,0.6382975363234367,0.0055407970601921725
cos_hint,cos_hint_0.72_0.02_teacher_2.ckpt,0.6681661192683925,0.005633063562662382,0.7027430095474061,0.006036583246284773,0.7565559550185288,0.00846040018615199,0.7128288913252332,0.009733485875157565,0.636070751737208,0.004296802265885901
cos_hint,cos_hint_0.74_0.02_student_3.ckpt,0.6666600282670562,0.008831608929820458,0.7040533952720072,0.005448538755399229,0.7647417133107575,0.011023988794368741,0.719790749118162,0.007830143681598,0.6403979785217941,0.005362579547172985
cos_hint,cos_hint_0.74_0.02_teacher_3.ckpt,0.6755821915780645,0.006448950292496923,0.7124039036423205,0.006016069292123139,0.7614432288421593,0.009859962211033415,0.703775806483136,0.009246925972063015,0.6384870499052433,0.0045074262645451255
cos_hint,cos_hint_0.76_0.02_student_4.ckpt,0.6686427648502266,0.009330739437994394,0.7091378344123084,0.005864698527560067,0.7648139033000311,0.011145487438005365,0.7271229029322622,0.008450904382479101,0.6475679090334808,0.00574441200445192
cos_hint,cos_hint_0.76_0.02_teacher_4.ckpt,0.6751656921197806,0.007517418977881706,0.7182936694428599,0.005537421387433977,0.7620608075132,0.010393822710857302,0.7178737710303305,0.009325254806951885,0.6500000000000001,0.005208176658368144
cos_hint,cos_hint_0.78_0.02_student_5.ckpt,0.673745075007595,0.010019536410920472,0.6918019837468624,0.007688902828635008,0.7677204760728225,0.010447514891964313,0.7537727876598708,0.010010137745014828,0.6463992419456728,0.007887234099955922
cos_hint,cos_hint_0.78_0.02_teacher_5.ckpt,0.674233714901936,0.009270098292273352,0.7050347412045831,0.0075036127203442285,0.7605834974413062,0.01160510490621077,0.724802588963632,0.009463737390077746,0.6434933670246367,0.007204770906156045
cos_hint,cos_hint_0.7_0.02_student_1.ckpt,0.6389816813687356,0.0077208402213712205,0.7001259843838377,0.006373502639428026,0.7420253422568308,0.010532090792196929,0.7133008405886649,0.009204219516301806,0.6344125078963992,0.005701593965368295
cos_hint,cos_hint_0.7_0.02_student_10.ckpt,0.6750077579499847,0.010643866949615237,0.6958573129153048,0.008083854191766016,0.7597333285871448,0.012701933629030233,0.7468828979425789,0.01057223248243309,0.6465097915350599,0.008351553780577885
cos_hint,cos_hint_0.7_0.02_teacher_1.ckpt,0.6529446566537919,0.004148065547079061,0.7072065596035344,0.0066738101542125556,0.7402889567865395,0.00845436734780451,0.7041258481428038,0.009209709669034066,0.6348862918509162,0.004667272965657092
cos_hint,cos_hint_0.7_0.02_teacher_10.ckpt,0.6725381169588402,0.009855756089094954,0.7021248778497211,0.007662684569192482,0.7544128544119946,0.01325315578180186,0.7415973947070194,0.009563964717246848,0.6488471257106759,0.007441659819856061
cos_hint,cos_hint_0.7_0.0_student_1.ckpt,0.6405134743549101,0.007008244630671602,0.6840423051547189,0.007122074086998787,0.7442944207921232,0.008975180074476072,0.7108237482601891,0.009780247964776093,0.621951989892609,0.005712454091758524
cos_hint,cos_hint_0.7_0.0_student_10.ckpt,0.6718595663107403,0.010747656307933432,0.6922611206506647,0.008561009465301276,0.7592692129770169,0.011714534452767525,0.7351669570029308,0.010451859830190102,0.6389766266582438,0.008895145665428213
cos_hint,cos_hint_0.7_0.0_student_2.ckpt,0.6533622132157155,0.007019398250156328,0.7043242961159779,0.007612476537053816,0.7465924336601055,0.009717196853768349,0.692004348744054,0.009941226371188588,0.6262634238787115,0.006183742796820024
cos_hint,cos_hint_0.7_0.0_student_3.ckpt,0.662105278574505,0.007700718049414355,0.7137043377073022,0.007513236155917036,0.7532471297764196,0.009397886285789926,0.6914966704536631,0.009746062567824546,0.6327700568540744,0.006585634840092228
cos_hint,cos_hint_0.7_0.0_student_4.ckpt,0.6611946817917093,0.008229122319101785,0.7198993915493209,0.007736690419369333,0.7512854117017687,0.010589422300304721,0.680729627531231,0.010367258402101431,0.6310170562223626,0.007234136094442275
cos_hint,cos_hint_0.7_0.0_student_5.ckpt,0.667967609140205,0.009730337191748007,0.6926800800653125,0.00851295331169787,0.7577653667185185,0.009899291257464284,0.7331323076337435,0.01040827059924328,0.6384080859128238,0.007819333345377042
cos_hint,cos_hint_0.7_0.0_student_6.ckpt,0.6717574274533964,0.009478745205836076,0.690085875389891,0.00832134348998308,0.7604439243003073,0.009905517982689155,0.7388080539094732,0.010024190889893004,0.6390240050536955,0.008075835550659858
cos_hint,cos_hint_0.7_0.0_student_7.ckpt,0.6723890088369153,0.00955887077807537,0.6991743718500479,0.0074974730481999,0.7562119742013209,0.010084329423155097,0.7372264742771968,0.010085018948036671,0.6448199620972835,0.007437385339691116
cos_hint,cos_hint_0.7_0.0_student_8.ckpt,0.6727083263428348,0.009653171711297056,0.7025748055130416,0.008188783585561658,0.7591946076493992,0.01110064189707375,0.7364236133871521,0.010536234963909697,0.6469519898926089,0.007978646209833684
cos_hint,cos_hint_0.7_0.0_student_9.ckpt,0.6720244540220243,0.010539585253604706,0.6961511058866166,0.008196297920113331,0.7591564812344109,0.011686406570662142,0.736306246714419,0.010260766506749331,0.6422615287428932,0.007728086163947817
cos_hint,cos_hint_0.7_0.0_teacher_1.ckpt,0.6372143167192206,0.007104523877278015,0.7063167221126956,0.006535643010407625,0.735828101981576,0.010134378121869103,0.6997479880342534,0.010523674790817346,0.6318856601389767,0.0060455484437691364
cos_hint,cos_hint_0.7_0.0_teacher_10.ckpt,0.6697259338349313,0.010671257893056882,0.6927140356949718,0.00935322162070576,0.7621780777508317,0.012839048328166366,0.7421039831248086,0.010783717523786627,0.642293114339861,0.00924951189228329
cos_hint,cos_hint_0.7_0.0_teacher_2.ckpt,0.6506436969890376,0.007244076628573623,0.7056929155544611,0.007327726547663105,0.7431748473971401,0.010214475695212413,0.6985866374595858,0.010551075152403423,0.6308275426405561,0.006997190025279484
cos_hint,cos_hint_0.7_0.0_teacher_3.ckpt,0.6608324467830731,0.0076973375154301875,0.6994290990999814,0.007891789721290681,0.7588016717012389,0.010017203250500522,0.7202147194358735,0.01125172950699442,0.6372710044219835,0.007779552410392951
cos_hint,cos_hint_0.7_0.0_teacher_4.ckpt,0.666904379910258,0.008858860521758846,0.7104930920253408,0.008001032854109129,0.7621196060475459,0.01083112081238294,0.7208022465683233,0.011705254360987403,0.6456096020214783,0.007941752258915183
cos_hint,cos_hint_0.7_0.0_teacher_5.ckpt,0.6695299994026166,0.010547663902762783,0.6955226740827681,0.009260466037871442,0.7630758432886987,0.011508187828355778,0.7324762254598538,0.011210710641551522,0.6401452937460518,0.00884289543186041
cos_hint,cos_hint_0.7_0.0_teacher_6.ckpt,0.6687507681012526,0.010167781898654756,0.6830698030051021,0.009063937847659284,0.7646999070162568,0.010854754910421644,0.7501645429618018,0.010091588089591314,0.638802905874921,0.009035620237959644
cos_hint,cos_hint_0.7_0.0_teacher_7.ckpt,0.6708378307627335,0.010862426191373788,0.6833202589330053,0.008847637353617602,0.7641283042654471,0.011851873706916528,0.7491451960572751,0.010252898057075101,0.6385660138976625,0.008759011229232288
cos_hint,cos_hint_0.7_0.0_teacher_8.ckpt,0.6703748430815115,0.01005669158371237,0.706190226328957,0.007081290714942019,0.7624561227961119,0.011655591487287013,0.7203652885748166,0.00980566742681894,0.6422457359444095,0.006630925742950458
cos_hint,cos_hint_0.7_0.0_teacher_9.ckpt,0.6699397203896297,0.011232633354662366,0.6938720255430877,0.009398688596085884,0.7643258633013528,0.012393202850701036,0.7396323835560054,0.011001679976472568,0.6420720151610866,0.009182449671793446
cos_hint,cos_hint_0.8200000000000001_0.02_student_7.ckpt,0.6736503828637258,0.010529451606704288,0.6957326219560063,0.007712701661910682,0.7624032878944595,0.011074764867423642,0.7458654704083613,0.009710094905855563,0.6460044219835754,0.008044644446689541
cos_hint,cos_hint_0.8200000000000001_0.02_teacher_7.ckpt,0.6757731547149304,0.009676904420733793,0.702736780765045,0.006941838212236493,0.7590091508197331,0.012249409903256667,0.7449729746232672,0.009837244201501264,0.6507106759317752,0.006485650686794959
cos_hint,cos_hint_0.8400000000000001_0.02_student_8.ckpt,0.6727517943933334,0.010739525360392856,0.6952642296923143,0.0075763351610899365,0.7587099354991437,0.011519522846628674,0.7449884999336036,0.009934207783507312,0.6452937460518003,0.008052778764360046
cos_hint,cos_hint_0.8400000000000001_0.02_teacher_8.ckpt,0.6741331525355123,0.00960359677991907,0.7080058218096349,0.007379839837804603,0.754979168355203,0.012556465265717652,0.7357354223542467,0.008911199386200983,0.6506317119393555,0.006954500071046898
cos_hint,cos_hint_0.8600000000000001_0.02_student_9.ckpt,0.6721619437604398,0.010810170370079343,0.7006437440664603,0.007729931273269517,0.7573864116788308,0.011451464441740887,0.7396936908687627,0.009520388506972068,0.6469519898926088,0.007911466988515779
cos_hint,cos_hint_0.8600000000000001_0.02_teacher_9.ckpt,0.6730972093664924,0.009469216410416268,0.6939692412701783,0.008623488671390962,0.7558717123538398,0.012481336107808261,0.7418572436767047,0.009903884875322571,0.6430827542640557,0.008229851404625883
cos_hint,cos_hint_0.8800000000000001_0.02_student_10.ckpt,0.6750077579499847,0.010643866949615237,0.6958573129153048,0.008083854191766016,0.7597333285871448,0.012701933629030233,0.7468828979425789,0.01057223248243309,0.6465097915350599,0.008351553780577885
cos_hint,cos_hint_0.8800000000000001_0.02_teacher_10.ckpt,0.6725381169588402,0.009855756089094954,0.7021248778497211,0.007662684569192482,0.7544128544119946,0.01325315578180186,0.7415973947070194,0.009563964717246848,0.6488471257106759,0.007441659819856061
cos_hint,cos_hint_0.8_0.02_student_6.ckpt,0.6733502931216253,0.010273435424388645,0.6886275676535598,0.008720449023837576,0.7620470749454367,0.012039933479394728,0.7501198698099671,0.010371290889881108,0.6426879343019583,0.008767990476226098
cos_hint,cos_hint_0.8_0.02_teacher_6.ckpt,0.6740465080336682,0.00911170874593371,0.6908802063192835,0.008613629299009322,0.7628161545065527,0.011450001695767997,0.7575855248712798,0.010378344160475698,0.6472678458622868,0.007927843268738731
cos_hint,cos_hint_0.92_0.02_student_2.ckpt,0.6655242722479338,0.007059418285605879,0.7020566824997501,0.007839309362736996,0.7569199975115345,0.009001112480972712,0.7096763699889932,0.010265770112835101,0.6340334807327859,0.006159009181424022
cos_hint,cos_hint_0.92_0.02_teacher_2.ckpt,0.672947083920275,0.006062765398367653,0.7308502395020879,0.006396940252438594,0.7603679856197723,0.008624211920238363,0.71067042839175,0.009249072414501359,0.6560644346178143,0.005535054821664039
cos_hint,cos_hint_0.9400000000000001_0.02_student_3.ckpt,0.6758195416535802,0.00802234424165402,0.7205724670216741,0.008891786689599133,0.763982999484382,0.009679208087044509,0.705888458075163,0.011099862639938845,0.6457359444093493,0.008054884600386636
cos_hint,cos_hint_0.9400000000000001_0.02_teacher_3.ckpt,0.6788703581582011,0.0069848807614276524,0.71894530180166,0.006528295342608116,0.7680366457986247,0.009230481852424307,0.7210418497017063,0.010048832598491096,0.652053063802906,0.005827007629598444
cos_hint,cos_hint_0.9600000000000001_0.02_student_4.ckpt,0.6780605885460613,0.008420214131560034,0.716978972276411,0.007883419499428826,0.7680070633169354,0.009929293441106166,0.7161557700132578,0.010385671427016704,0.6482154137713201,0.00706195958844159
cos_hint,cos_hint_0.9600000000000001_0.02_teacher_4.ckpt,0.6797089645540949,0.007616161912683418,0.7042609408581904,0.008002537975831198,0.7704975914252563,0.00985163641587966,0.7236674337018341,0.010681479991352594,0.6424036639292482,0.007855405277084454
cos_hint,cos_hint_0.9800000000000001_0.02_student_5.ckpt,0.6799678540015989,0.009144655464809498,0.6997720419101168,0.008599525418305744,0.7651046683084397,0.009726326972672053,0.7462502744838071,0.010395583349971241,0.6490998104864181,0.008400507055953323
cos_hint,cos_hint_0.9800000000000001_0.02_teacher_5.ckpt,0.6786282923227613,0.00893191442746246,0.6925811851115549,0.009562154911675403,0.7679402629948667,0.010416527658828542,0.7318671460488252,0.012141775630036288,0.6377763739734681,0.009157971364003306
cos_hint,cos_hint_0.9_0.02_student_1.ckpt,0.6414241559336581,0.006744547390535699,0.692517654520983,0.008386673477521903,0.7453647967084556,0.009394285512239475,0.7023856176385356,0.010629862136344327,0.6235470625394821,0.0070473936559557315
cos_hint,cos_hint_0.9_0.02_student_10.ckpt,0.6750176442753828,0.009564751185788017,0.7001077626616625,0.008644975155000059,0.762833383437712,0.011400583499375642,0.7367306076462417,0.00994370145044221,0.6453095388502842,0.007926333029543143
cos_hint,cos_hint_0.9_0.02_teacher_1.ckpt,0.6551743356424232,0.00557814586961844,0.7097840591999438,0.0066779590631933445,0.7531937707117813,0.008776707167704909,0.6952517165274336,0.010042691554183776,0.6319646241313961,0.0061681746045403
cos_hint,cos_hint_0.9_0.02_teacher_10.ckpt,0.6752922674187233,0.009568845060349314,0.6864159789445288,0.008869613543475013,0.7666563770762985,0.01186493622436303,0.7478767845894809,0.011144613372578552,0.6402242577384714,0.008657262963277297
cos_hint,cos_hint_0.9_0.0_student_1.ckpt,0.6514703899782757,0.00823204671067789,0.6834078393251146,0.006053124873111967,0.744084667745277,0.010767670561334923,0.7080271612515021,0.010025555063588692,0.6201042324699937,0.005683542720798978
cos_hint,cos_hint_0.9_0.0_student_10.ckpt,0.6779733693273121,0.010446356196919419,0.7017495415239281,0.008622115361586113,0.7671588070717708,0.01215143664709573,0.752961211450628,0.01048022047960348,0.6532849020846496,0.008029267494737967
cos_hint,cos_hint_0.9_0.0_student_2.ckpt,0.6674790585592133,0.007939260031559623,0.7198080117483633,0.006902765672799345,0.7560581730845343,0.010420782302452122,0.696770153131988,0.011304654258348885,0.6401926721415034,0.006663943440657351
cos_hint,cos_hint_0.9_0.0_student_3.ckpt,0.6724649545306459,0.008920970419276157,0.7202817282142839,0.006829345093983866,0.76072776728932,0.010301336257379624,0.7083287028265297,0.010686905993018234,0.6467308907138345,0.006416989300920129
cos_hint,cos_hint_0.9_0.0_student_4.ckpt,0.6752776483610086,0.00962469796581666,0.7189977692900602,0.007027207829043416,0.7616122001052054,0.011683885191502276,0.7131782648495764,0.01077837742911225,0.6482312065698042,0.006555894819525587
cos_hint,cos_hint_0.9_0.0_student_5.ckpt,0.6817376005136515,0.011040939733966129,0.6986538258860077,0.00847070264505645,0.7679984902122564,0.012027975909427288,0.7385559275998207,0.01151898672294474,0.6450252684775742,0.008251204467050865
cos_hint,cos_hint_0.9_0.0_student_6.ckpt,0.680409224226432,0.01052083344019076,0.6916451511688604,0.008894492327015965,0.7686524062657417,0.01144495164836724,0.7491362561325622,0.011233980498535223,0.6444409349336702,0.008494764123103134
cos_hint,cos_hint_0.9_0.0_student_7.ckpt,0.6812319852448683,0.010924612883508057,0.6949346776471018,0.008840942663562244,0.767707678988814,0.011737919439913192,0.7461185826016858,0.011266488549610869,0.6455464308275426,0.008538983733952043
cos_hint,cos_hint_0.9_0.0_student_8.ckpt,0.6775280312617318,0.01038824850431624,0.7020723403717752,0.008541963697729192,0.7647294734208485,0.012153223045849303,0.7422606721785486,0.011471305843533107,0.6490840176879342,0.008322070568314941
cos_hint,cos_hint_0.9_0.0_student_9.ckpt,0.6791133556634803,0.011113655499826581,0.7078305733703256,0.008394450083906798,0.7644068899797781,0.011788998669908122,0.7336734574719578,0.011093805554890526,0.6495893872394187,0.007908644958255965
cos_hint,cos_hint_0.9_0.0_teacher_1.ckpt,0.6573668777058315,0.007979457081874542,0.709376157488315,0.008552505740408242,0.7546894073244124,0.009642042909121124,0.6978594822735237,0.012500527703001236,0.6330859128237523,0.008692798725132424
cos_hint,cos_hint_0.9_0.0_teacher_10.ckpt,0.6766107149434712,0.01021316311737922,0.7037955614526054,0.007603139797295347,0.7666208499410571,0.012015586089941722,0.7454640642977897,0.009426331308553691,0.6516898294377763,0.008010467951933694
cos_hint,cos_hint_0.9_0.0_teacher_2.ckpt,0.6728768315653109,0.008405491897834945,0.7207480963936665,0.006198742456204009,0.7677777397377665,0.009674174593185326,0.7083429910987848,0.01072625208787716,0.6470625394819962,0.006611432090525637
cos_hint,cos_hint_0.9_0.0_teacher_3.ckpt,0.6790408069913885,0.008625030509779532,0.7217933788054033,0.005426216725191699,0.7716634417558904,0.009623998007245886,0.713197878133997,0.009170199568315445,0.6503474415666457,0.005199645493731626
cos_hint,cos_hint_0.9_0.0_teacher_4.ckpt,0.6830872209381723,0.009063625693379571,0.7217121428467435,0.005971397415443678,0.7731943723485026,0.010228396034405755,0.7117680380277827,0.009606699187394088,0.6495735944409349,0.005522039557589698
cos_hint,cos_hint_0.9_0.0_teacher_5.ckpt,0.6824905297149846,0.009561931010273812,0.7027386027594112,0.007443498383755969,0.7738352449077031,0.010981314336223152,0.7422963745932718,0.009457981135225323,0.6496051800379027,0.006493337341052362
cos_hint,cos_hint_0.9_0.0_teacher_6.ckpt,0.6822697498103547,0.009442412209224935,0.6968537817759567,0.0075229554968648665,0.7694556237999539,0.010341377601109352,0.7515296632273666,0.009541973167821483,0.6491471888818698,0.006869123041853794
cos_hint,cos_hint_0.9_0.0_teacher_7.ckpt,0.679361239284338,0.010092315724023885,0.7004734306009681,0.007127280176541641,0.7674397059224793,0.011218758361146162,0.7462188580980632,0.00879389178155947,0.6495893872394188,0.006828920017071441
cos_hint,cos_hint_0.9_0.0_teacher_8.ckpt,0.6798867474087483,0.009633992595958851,0.7082096056755472,0.006727401821222776,0.7705240577500571,0.01104649295580796,0.7346027733675343,0.008928443058362667,0.65028427037271,0.005571613357251324
cos_hint,cos_hint_0.9_0.0_teacher_9.ckpt,0.6789066014427864,0.010090294821300907,0.7168194585086607,0.006835958244301594,0.7665495023495201,0.01102659179662941,0.7387295589734714,0.009663765505245097,0.6585281111813013,0.006368944083609758
cos_hint,cos_hint_1.02_0.02_student_7.ckpt,0.6766679599984593,0.009271527231940984,0.6901416332361235,0.008898213979883931,0.7616983751985483,0.010573479386619703,0.7523617828674947,0.010192749397835824,0.6446778269109286,0.008093235269235693
cos_hint,cos_hint_1.02_0.02_teacher_7.ckpt,0.6782859958476911,0.00885989064042358,0.6968809444491894,0.006857680169118519,0.7650849302030599,0.010610179318213245,0.7431758445075719,0.010056627314831397,0.6457043588123814,0.006770010022230574
cos_hint,cos_hint_1.04_0.02_student_8.ckpt,0.6763187970852649,0.008965009414511123,0.70702907742033,0.00800201664464926,0.7615580615859958,0.010738563272584406,0.7336504031871567,0.01016066263574815,0.648989260897031,0.007668277829255288
cos_hint,cos_hint_1.04_0.02_teacher_8.ckpt,0.6763160503665769,0.009212956057261931,0.6878784870293069,0.008926930234447654,0.76631091814187,0.011172410381875018,0.7423327270166505,0.01171353056340251,0.6389608338597601,0.008579705770091735
cos_hint,cos_hint_1.06_0.02_student_9.ckpt,0.6739720496007544,0.009771597831893738,0.6976788374547411,0.008355744421685471,0.7625715789531672,0.011619850728354832,0.7301529721302101,0.01019864561353376,0.6406348704990524,0.00770706365068949
cos_hint,cos_hint_1.06_0.02_teacher_9.ckpt,0.6746210125366927,0.009818263323357175,0.6982260188721336,0.008348626790639456,0.7660115142491956,0.011579507950120081,0.729478882795678,0.010870355656157496,0.6407138344914719,0.008280909873799067
cos_hint,cos_hint_1.08_0.02_student_10.ckpt,0.6750176442753828,0.009564751185788017,0.7001077626616625,0.008644975155000059,0.762833383437712,0.011400583499375642,0.7367306076462417,0.00994370145044221,0.6453095388502842,0.007926333029543143
cos_hint,cos_hint_1.08_0.02_teacher_10.ckpt,0.6752922674187233,0.009568845060349314,0.6864159789445288,0.008869613543475013,0.7666563770762985,0.01186493622436303,0.7478767845894809,0.011144613372578552,0.6402242577384714,0.008657262963277297
cos_hint,cos_hint_1.0_0.02_student_6.ckpt,0.6753384833792289,0.009328368455403146,0.6793092524478903,0.009834489214369775,0.7625294338440025,0.009649127023432099,0.756362148513509,0.010267525067231763,0.6386607706885661,0.00912381009469655
cos_hint,cos_hint_1.0_0.02_teacher_6.ckpt,0.6779003309207198,0.008368347010769836,0.6705114399267443,0.008741786369805896,0.7690544543653745,0.010212920253115597,0.7645736820760634,0.012342127199554832,0.6357075173720783,0.008621927873429247
